line,item,qty,spec,supplier,unit_cost_usd,make_buy,notes
1,Setting gauge,1,"12 mm exterior plywood, about 360 x 450 mm offcut, cut to the gauge outline with two saw notches; one gauge per hull shape",Local timber yard,4.00,Make,A fitting tool; kept by the builder and reused on every canoe of the same section
2,Shelf batten,8,"Durable hardwood rail ripped from 50 x 100 mm stock, top and bottom planed to the side flare (31.6 deg on the reference canoe) to a 50 x 82 mm parallelogram; lengths 960 (2), 1480 (4) and 1180 (2) mm; ends and holes sealed",Local timber yard or boatyard,7.00,Make,"12 m bought at about USD 4.70 per metre; 10.2 m used. Mass about 3.7 kg per metre at 900 kg/m3"
3,Coach screw M8 x 100 with washer,24,"M8 x 100 mm hex-head coach (lag) screw and 8.4 x 24 mm washer, stainless A4 or hot-dip galvanised; 20 fitted, 4 spare",Fastener or marine hardware supplier,1.80,Buy,One into every frame each batten crosses; pilot hole 5.5 mm in the frame
4,End chock,16,"Hardwood block 40 mm long, cut from batten offcuts to the batten section and 50 mm high; two 5 x 60 mm stainless wood screws each",Batten offcuts,0.40,Make,Unit cost is the two screws; the wood is batten offcut
5,Foam sheet for the cores,6,"Closed-cell polyethylene foam sheet 2,000 x 1,000 x 50 mm, about 30 kg/m3, water absorption under 1 % by volume (supplier data to confirm), not polystyrene and not open-cell polyurethane",Packaging foam or fishing float supplier,55.00,Buy,"Cut into 24 strips 216 mm wide (220 mm modules less the cover; four across each sheet, LVH-DDR-003) with both long edges bevelled to the flare; 8 cores of four layers; 0.40 m3 net in the cores; no spare strip; the narrow edge offcuts give the immersion samples"
6,Cover tarpaulin,15,"PVC-coated polyester tarpaulin, 650 g/m2, UV stabilised, per square metre",Truck cover or sail maker,5.00,Buy,Eight sleeves 220 x 200 mm inside with laced end flaps; 14.3 m2 used (LVH-CAL-001, K2); quantity raised from 14 to 15 m2 for the wider modules at the same USD 5.00 per m2
7,Cover thread eyelets and lacing,1,"UV-stabilised polyester sewing thread, 64 brass or stainless 10 mm eyelets, 20 m of 4 mm polyester lacing cord",Sail maker or market,25.00,Buy,Sewn by a local tailor or sail maker
8,Strap webbing,25,"Polyester webbing 50 mm wide, UV stabilised, breaking strength at least 10 kN (to confirm), per metre",Rigging or cargo strap supplier,1.20,Buy,16 straps cut 1.25 m long (was 1.2 m; LVH-DDR-003), 20 m in all; ends heat-sealed
9,Double D-ring pair,16,"Stainless steel double D-ring pair for 50 mm webbing, 5 mm wire, sewn into one end of each strap",Marine hardware supplier,2.00,Buy,Friction buckle with no moving parts
10,Grab-line eye bolt,8,"M8 x 100 mm stainless eye bolt with 30 mm eye, two washers and a nyloc nut",Marine hardware supplier,3.00,Buy,Four per side through the rubbing strake and top plank
11,Grab line,14,"12 mm polyester three-strand rope, per metre",Fishing supply or market,0.80,Buy,One line per side hanging in bights about 150 mm deep between the eyes
12,Bailer,2,"10 L plastic bucket with a 1.5 m lanyard of 6 mm rope tied to a thwart",Market,6.00,Buy,Stowed on the floor between frames
13,Swamp test kit,1,"250 ml orange marine enamel for the freeboard marks, masking tape, and a bubble inclinometer reading to 1 deg",Hardware store,23.00,Buy,Freeboard marks painted 50 mm below the gunwale amidships on both sides
14,Sealer and bedding,1,"Wood preservative or epoxy sealer for the batten ends, chocks and every screw hole; 250 ml",Hardware store,10.00,Buy,Keeps the frames from rotting at the new holes
